Cube Color ID;Card
White;Appa, Steadfast Guardian
White;Emeritus of Truce
White;Ephemerate
White;Samwise the Stouthearted
White;Securitron Squadron
White;Sevinne's Reclamation
White;Wrath of God
Blue;Azure Beastbinder
Blue;Consult the Star Charts
Blue;Jadzi, Steward of Fate
Blue;Skycoach Conductor
Blue;Time Warp
Blue;Winternight Stories
Black;Twilight Diviner
Red;Anger
Red;Anje's Ravager
Red;Blazing Rootwalla
Red;Glorybringer
Red;Hexing Squelcher
Red;Magda, Brazen Outlaw
Red;Marauding Mako
Red;Robber of the Rich
Red;Squee, Goblin Nabob
Red;Tersa Lightshatter
Red;The Legend of Roku
Green;Ancient Cornucopia
Green;Avacyn's Pilgrim
Green;Basking Rootwalla
Green;Channel
Green;Eternal Witness
Green;Michelangelo, Weirdness to 11
Green;Mutagen Man, Living Ooze
Green;Sandstorm Salvager
Green;Satyr Wayfinder
Green;Survival of the Fittest
Green;Sylvan Caryatid
Green;Town Greeter
Green;Vastlands Scavenger
Green;Vengevine
Green;Walk-In Closet // Forgotten Cellar
Boros;General Ferrous Rokiric
Boros;Kirol, Attentive First-Year
Boros;Lorehold Charm
Boros;Talisman of Conviction
Dimir;Deceit
Dimir;Master of Death
Golgari;Hogaak, Arisen Necropolis
Golgari;Witherbloom Charm
Gruul;Territorial Kavu
Izzet;Prismari Charm
Orzhov;Silverquill Charm
Orzhov;Vindicate
Selesnya;Arwen, Mortal Queen
Simic;Quandrix Charm
Multicolor;Aang, at the Crossroads
Multicolor;Leovold, Emissary of Trest
Multicolor;Loot, the Pathfinder
Multicolor;Niv-Mizzet Reborn
Multicolor;Satya, Aetherflux Genius
Colorless;Bazaar of Baghdad
Colorless;Lavaspur Boots
